solver,config,frames_emitted,final_t_s,final_runout_m,final_max_h_m,final_ke_J,wall_time_s,particle_count,crashed,error_tail
sph,sph,31,0.516667,0.368169,0.056023,0.000376,55.02,-1,0,
mpm,mpm-Q1-pic-pic,31,0.516667,0.257661,0.040686,0.000013,5.79,-1,0,
mpm,mpm-Q1-pic-apic,31,0.516667,0.268490,0.032971,0.000047,5.52,-1,0,
mpm,mpm-Q1-gimp-pic,31,0.516667,0.254051,0.041279,0.000015,7.85,-1,0,
mpm,mpm-Q1-gimp-apic,31,0.516667,0.263543,0.030858,0.000048,6.32,-1,0,
mpm,mpm-B2-pic-pic,31,0.516667,0.134472,0.002675,0.000000,27.30,-1,0,
mpm,mpm-B2-pic-apic,31,0.516667,0.136458,0.002681,0.000000,29.37,-1,0,
mpm,mpm-B2-gimp-pic,31,0.516667,0.134190,0.002715,0.000004,22.23,-1,0,
mpm,mpm-B2-gimp-apic,31,0.516667,0.135568,0.002654,0.000000,23.69,-1,0,
